200,"1,2,3,4,007",2,4,9,13,18
3,A Sad Way,2,7,11,15,18
108,Above The Sky,3,8,12,20,23
4,Aerial,5,7,13,18,21
5,Air,3,8,12,17,24
6,Angelus I,3,7,12,18,21
201,Anubis,1,8,12,16,19
95,Astrofalcon,3,9,12,16,20
7,Bass Force,5,8,10,15,18
8,Behind The Horizon,3,6,10,14,18
202,Birdie,2,5,9,13,18
9,Bollywood vs. Hollywood,4,7,12,15,21
203,Book Of Love,4,6,11,15,19
204,Boom Digi Da,2,5,10,16,19
10,Brother,4,6,9,15,18
205,Bumble Bee,1,6,8,14,18
11,Call Of Wilderness,4,12,16,19,22
259,Can't Keep It A Secret,4,6,12,15,18
206,Chopstix,2,6,13,16,20
14,Collision,3,8,14,17,20
207,Come On Come On,3,9,11,15,18
208,Cowgirl,2,5,11,16,18
15,Crocodiles,4,8,9,15,19
17,Dance Electric,4,8,13,18,21
18,Davno Hotel Skazat,3,7,9,15,18
209,Dawn (Perpetual Mix),3,8,10,17,21
19,Dependance,2,9,12,15,19
210,Destiny,0,3,8,14,23
211,Do It My Way,5,7,12,17,19
212,Don't Wanna Play Games,1,5,10,13,18
213,Dr. Doolittle,3,7,11,16,20
109,Dynamo,3,6,14,16,18
22,Earth,3,12,16,18,22
24,Elder God Shrine,3,6,9,18,21
255,Electric Universe,3,5,9,13,18
25,Emilie De Ravin,3,8,10,15,19
26,Epic City,3,7,8,14,21
215,Esperanza,3,8,13,16,19
214,Exotica,1,4,6,13,20
28,Fatal Surface,3,9,14,20,23
29,Fly By The Universe,2,9,12,15,20
31,Full House,3,7,10,13,18
32,Fuzzy Bell,3,10,12,16,20
216,Groovin' Motion,5,9,11,16,19
34,Happy Song,3,7,11,15,18
217,Hardcore Of The North,4,8,14,17,25
35,Here We Go,5,8,11,15,20
105,Hey Hey Hey,4,9,13,15,18
218,Holiday,2,5,11,15,19
37,Honeytrap,2,6,8,14,20
106,I Forget You,4,7,10,12,16
40,In The Hall Of The Mountain King,4,7,10,16,23
41,In The Night,1,8,14,17,20
42,Incurable II,2,6,12,16,17
251,Infection,4,9,12,16,21
101,Input Output,2,7,10,15,19
220,Jadestar,2,5,11,18,20
221,July ~Euromix~,3,8,13,15,18
222,Kagami,1,7,12,15,20
45,Katana Fighter,3,9,13,18,20
46,Keep Silent,4,8,13,17,23
47,Kleine,3,7,13,16,23
48,Kotiin,4,7,9,15,20
49,Kristina,4,10,11,14,19
50,Kuuletko,3,8,13,16,19
224,Ladybug,3,5,9,14,18
261,Land Of The Lost,4,6,10,15,18
51,Lapis,3,9,11,16,21
52,Life,2,6,9,12,18
223,Liquid Moon,6,10,13,16,18
53,Liquify,3,7,11,16,21
225,Living Without You,3,6,9,14,18
92,LMK's Music Box,6,9,12,18,21
93,Logical Spy,4,10,14,18,20
226,London Bridge,2,5,10,13,19
54,Love,3,8,10,14,18
250,Love Eternal,5,9,13,17,20
254,Medicine,3,6,10,16,19
56,Million Feelings,2,8,13,15,19
228,Monolith,4,8,11,16,20
57,Monstrum,3,5,9,14,19
229,Move It Groove It,5,7,13,17,20
99,My Girls,2,6,12,16,19
59,Ninja Lad,3,8,13,17,21
104,Not 4 You,2,7,13,17,19
60,Not For Sale,0,6,9,16,18
231,Oasis,1,3,4,18,21
107,Off On You,1,7,13,15,17
61,Orpheus & Eurydice,5,12,16,19,23
62,Partie Deux,2,6,11,17,22
102,Party Hard,2,4,10,13,18
63,Party People,3,5,10,15,18
232,Partyman,4,6,10,14,18
64,Phantoms,3,6,11,15,19
65,Platitude,2,4,12,17,21
66,Quickdraw,4,9,13,19,24
233,Ra,2,4,8,13,20
67,Revelations,3,9,14,18,20
234,Robotix,2,6,10,15,19
68,Rock Robotic,2,5,8,15,20
69,Safety Net,3,5,9,14,18
71,Sauna J,2,7,10,14,17
72,See Through Deceptions,5,11,13,18,24
73,Server X,2,7,12,16,18
74,Shapes,2,7,9,14,19
75,Sharing,4,6,11,14,18
235,Shooting Star,4,5,11,14,18
236,Space Invaders,4,8,11,14,18
237,Spaceman,2,5,10,14,18
238,STOP!&Go,2,7,11,16,20
77,String Interference,2,6,10,14,19
78,Summer in Belize -2007-,3,6,13,18,20
258,Sunshine,1,5,11,14,19
80,Super Collider,4,6,10,15,18
82,Sweet Tornado,5,9,12,16,19
100,Teen Machine,4,8,13,16,20
239,Tell,5,7,11,17,21
240,The Dream,3,7,11,16,18
241,The Message,3,6,10,14,18
242,Tribal Style,3,7,12,18,21
85,Turhaa,4,6,13,17,20
243,Twilight,2,7,11,16,19
244,Utopia,2,4,11,15,21
86,Vae Victis,3,5,10,15,22
2,Ville Hester,2,6,9,13,19
245,Virtual Emotion,0,4,11,16,19
87,Waking up,0,6,9,16,20
88,Wave Rip,4,11,16,19,23
89,We Met Dat Night,3,7,10,17,25
94,Welcome To Funland,4,8,13,20,24
103,When You're Gone,3,7,12,16,20
249,Who,2,5,8,15,20
90,Wishing Well,0,5,6,17,21
252,With You,2,4,11,15,18
246,Xuxa,4,7,11,17,22
247,Y2Z,4,10,12,17,21
253,You Promised Me,2,5,10,13,19
248,Zodiac,3,7,11,16,18
